<application>
  <component name="FileTypeManager" version="17">
    <extensionMap>
      <mapping pattern=".ideavimrc" type="PLAIN_TEXT" />
      <mapping pattern="doc-generate-gin" type="PLAIN_TEXT" />
      <mapping pattern="vitay_backend_movil_log" type="PLAIN_TEXT" />
      <mapping pattern="agenda-task" type="PLAIN_TEXT" />
      <mapping pattern="mongo_backups" type="PLAIN_TEXT" />
      <mapping pattern="_cron_job_" type="PLAIN_TEXT" />
      <mapping pattern="hola" type="PLAIN_TEXT" />
      <mapping pattern=".env" type="PLAIN_TEXT" />
      <mapping pattern="asccii" type="PLAIN_TEXT" />
      <mapping ext="php" type="PLAIN_TEXT" />
      <mapping ext="proto" type="PLAIN_TEXT" />
      <mapping ext="bson" type="PLAIN_TEXT" />
    </extensionMap>
  </component>
</application>