<application>
  <component name="vgo">
    <environment>
      <map>
        <entry key="GOPRIVATE">
          <value>
            <list>
              <option value="&quot;bitbucket.org/vitay_team&quot; " />
              <option value="&quot;bitbucket.org/vitay_team&quot;" />
            </list>
          </value>
        </entry>
        <entry key="GOPROXY">
          <value>
            <list>
              <option value="direct" />
            </list>
          </value>
        </entry>
      </map>
    </environment>
  </component>
</application>