<application>
  <component name="FileTypeManager" version="18">
    <extensionMap>
      <mapping pattern="export-programs-deps" type="AUTO_DETECTED" />
      <mapping pattern="hello" type="AUTO_DETECTED" />
      <mapping ext="space.kts" type="Kotlin" />
      <mapping ext="gradle.kts" type="Kotlin" />
      <mapping ext="main.kts" type="Kotlin" />
      <mapping pattern="run_dev" type="PLAIN_TEXT" />
      <mapping pattern=".dockerignore" type="PLAIN_TEXT" />
      <mapping pattern="run" type="PLAIN_TEXT" />
      <mapping pattern=".env" type="PLAIN_TEXT" />
      <mapping pattern="_redirects" type="PLAIN_TEXT" />
      <mapping pattern=".gitkeep" type="PLAIN_TEXT" />
      <mapping pattern="abs" type="PLAIN_TEXT" />
      <mapping pattern=".deepsource.toml" type="PLAIN_TEXT" />
      <mapping pattern="cookies" type="PLAIN_TEXT" />
    </extensionMap>
  </component>
</application>